sqft,bedrooms,bathrooms,age_years,location_score,price
2123,2,1.5,20.5,4.8,361300
1710,2,1.2,28.4,6.5,287700
2221,4,3.1,53.9,1.7,378600
2790,4,3.8,5.0,1.8,411900
1648,1,1.0,16.8,2.5,238100
1648,5,3.6,64.7,5.7,313800
2826,2,1.6,11.8,2.9,358500
2299,3,2.8,27.4,3.5,437600
1495,4,3.0,69.2,4.6,281300
2153,5,3.0,12.4,8.3,414200
1499,4,2.7,6.6,1.1,290300
1497,4,2.3,38.8,6.8,230800
1957,3,3.1,24.2,7.0,332000
556,4,2.9,45.1,8.2,200700
679,2,3.0,64.3,9.4,208200
1435,5,3.5,11.0,1.2,312600
1142,3,1.8,46.5,2.4,211700
2004,4,1.8,40.4,9.0,361300
1210,3,1.0,11.5,5.1,232800
882,4,1.8,49.9,6.1,184200
2753,3,2.5,21.9,7.0,442000
1653,4,3.3,39.0,7.1,330300
1844,2,1.0,6.6,9.4,315700
874,2,2.3,36.8,10.0,261400
1446,3,2.0,24.5,7.5,279500
1872,2,1.8,65.8,3.6,296100
1052,5,4.6,4.6,8.9,310700
2044,2,2.3,33.5,1.4,319100
1410,6,3.9,36.7,3.1,281800
1610,3,1.7,58.0,9.1,325700
1409,2,1.0,45.9,3.3,185300
3004,4,2.4,53.4,3.0,486900
1791,4,2.8,62.2,2.2,302800
1112,3,1.6,69.0,8.7,275400
2335,4,2.8,25.1,5.5,369500
1006,4,3.0,43.0,7.1,242400
1936,2,1.5,67.2,3.2,230700
526,6,3.6,79.2,7.8,153600
937,6,4.2,71.2,7.8,266600
1928,4,3.2,29.7,3.8,379900
2280,2,1.0,15.6,4.7,344800
1911,4,3.9,39.2,2.9,237000
1725,2,1.6,59.3,9.8,289100
1604,1,1.1,39.4,6.8,184000
839,3,2.8,38.7,9.4,275300
1332,3,2.5,67.1,3.7,184700
1501,5,4.2,28.9,8.0,405100
2487,4,3.1,68.8,7.9,445000
2023,4,2.5,32.5,7.2,344900
654,3,2.6,26.3,9.7,202000
2011,3,1.5,36.3,4.5,361800
1550,3,2.4,61.0,2.2,229300
1360,6,4.1,10.1,7.0,331900
2198,1,1.0,15.7,7.6,284800
2470,5,3.4,76.1,6.2,348800
2405,4,1.6,14.0,2.9,301500
1255,3,1.9,45.4,5.5,250300
1599,4,3.0,46.3,3.8,272900
2015,3,2.4,39.2,4.8,346000
2434,5,2.8,51.6,6.8,417800
1489,5,4.4,18.4,7.7,385100
1679,3,1.7,44.2,3.1,294600
1081,3,3.0,29.8,4.6,236000
1022,4,3.2,52.9,3.4,234200
2328,5,3.0,11.3,2.8,346100
2682,2,2.9,45.7,8.1,420000
1753,4,2.1,14.8,9.2,350400
2452,4,3.5,22.3,4.3,418400
2035,4,3.6,17.5,7.8,377200
1381,2,1.2,14.6,9.1,258300
2035,4,3.9,66.1,8.6,326400
2800,5,3.3,22.9,2.6,532000
1777,2,1.9,74.2,9.6,335000
2817,3,2.5,77.6,4.4,391800
450,6,4.0,45.7,4.1,177200
2334,2,2.3,11.4,1.6,345800
1857,5,4.1,30.0,5.4,448500
1606,3,1.1,63.8,2.0,215800
1860,3,3.2,29.4,3.2,383300
508,5,2.3,7.0,3.9,200700
1657,3,3.0,44.5,8.3,285300
2032,3,3.1,67.6,8.9,327800
2761,3,1.5,63.7,3.7,312000
1463,4,2.6,14.0,8.7,340500
1274,2,1.0,53.8,8.7,272800
1474,3,2.1,17.6,7.9,365400
2395,6,3.9,17.5,2.3,485000
2014,3,2.8,69.9,7.2,354900
1456,4,3.8,20.0,9.5,291300
2134,3,3.3,21.1,7.1,364600
1863,4,2.5,0.1,4.0,373400
2430,2,1.6,69.7,5.5,377300
1344,6,2.9,63.4,6.8,292600
1587,3,1.7,50.2,5.6,290300
1545,3,3.0,60.0,2.1,302200
849,2,2.8,12.2,3.8,238200
1992,2,1.0,36.7,8.2,355800
1970,3,1.9,28.1,8.8,361700
1803,3,2.3,7.5,2.2,323600
1648,4,3.1,38.9,9.6,405600
880,3,1.7,73.7,4.0,154000
1527,3,2.6,3.2,7.0,336700
1577,4,2.6,23.3,7.8,283500
1279,4,2.9,16.6,8.3,353500
1695,2,2.1,19.1,9.5,354500
2063,2,1.7,72.7,3.8,321300
3026,1,1.0,37.4,8.7,435800
1913,4,2.8,37.3,2.2,336300
1967,4,2.8,60.8,7.3,286200
1752,3,2.0,12.4,7.7,317100
553,5,3.3,39.0,7.1,224800
1783,4,4.0,34.4,3.3,330900
1839,4,3.3,47.8,8.9,370600
3401,5,3.3,80.0,2.5,478200
1675,2,2.2,61.6,1.5,247600
1996,2,1.5,31.8,7.5,345400
1777,3,3.1,66.2,5.3,286100
1040,2,2.0,13.7,8.6,271200
2543,3,2.2,2.4,4.5,452400
2289,5,3.8,16.4,2.5,401700
2314,1,1.0,27.2,8.5,346700
1209,2,1.0,40.8,5.9,235300
2712,3,1.5,49.2,2.7,243400
889,5,3.6,72.8,7.5,235600
2181,3,3.5,40.8,5.6,379700
3224,3,3.9,40.1,6.4,510800
1156,1,1.5,4.0,5.1,187700
1432,2,2.1,2.8,8.5,283200
1865,6,2.8,44.1,8.5,361600
1473,6,3.7,35.1,7.4,370900
792,1,1.0,67.1,1.9,120800
1845,6,3.7,12.9,8.5,344400
1110,4,2.8,2.0,7.0,294100
2108,5,3.2,35.9,7.3,394900
1202,3,1.0,19.0,4.3,198700
2807,3,2.8,4.0,8.9,547300
1291,3,1.5,58.0,7.5,248300
1591,4,3.1,8.9,2.0,282800
2329,2,3.2,48.7,4.7,410800
1000,1,1.0,22.5,9.0,174000
1948,3,1.0,13.9,1.4,299500
2650,4,2.7,30.4,9.7,505000
755,2,2.5,64.1,7.1,180600
1920,4,4.3,31.4,6.7,317900
1969,6,3.2,60.1,3.4,316500
2308,2,2.0,10.0,3.2,364800
996,4,2.6,61.8,9.5,278100
942,3,2.2,19.0,3.7,251200
2139,5,5.4,54.2,8.0,436500
1993,2,1.0,45.3,4.5,311200
1963,4,3.1,74.3,2.3,312100
2025,5,3.8,31.0,1.1,372800
1358,5,4.3,5.3,5.9,327000
1951,4,3.0,1.5,9.8,390600
1990,3,2.5,66.1,4.3,362600
1336,4,2.6,42.0,4.2,271600
3013,5,3.7,62.0,4.1,550800
2108,4,2.7,18.8,5.7,365300
1026,1,1.5,27.6,5.0,211600
2227,5,3.2,2.4,8.9,513000
1166,4,3.2,76.9,5.5,231900
2312,4,2.9,53.4,5.6,369900
2553,2,2.5,74.7,2.2,304800
1267,4,2.9,21.2,9.8,351900
2426,3,1.1,48.9,3.2,386700
2068,4,3.8,54.3,1.7,442800
2334,2,1.1,25.4,7.0,370000
3033,4,2.4,67.8,6.4,444000
1640,6,3.7,75.8,4.7,321600
1310,1,2.1,70.8,4.8,197500
1222,6,2.6,59.1,8.1,324400
1270,3,4.5,22.2,2.8,280400
1750,5,4.2,22.5,8.4,386100
2022,4,3.1,77.1,6.8,390800
1980,4,2.9,0.8,4.8,375800
2338,4,3.1,57.3,5.1,425600
1808,5,3.9,56.5,3.3,350900
2745,3,2.8,49.8,7.8,452800
1628,3,2.7,79.2,5.6,279600
3568,4,3.0,25.0,3.9,457600
2207,4,2.8,27.2,6.4,372500
1243,4,2.8,6.3,10.0,347200
1104,4,2.8,35.4,4.9,233200
2114,3,3.1,20.9,9.3,446900
1655,4,3.3,27.5,4.1,265500
2264,2,1.0,66.8,1.5,340300
2108,3,2.8,74.8,2.8,280000
1753,1,1.2,14.9,4.8,308200
1250,3,2.3,29.8,3.0,255800
815,3,2.0,74.3,1.0,134900
1510,3,3.1,4.9,9.2,387000
2357,4,3.6,7.4,8.6,446600
1939,3,1.8,13.0,7.7,400900
990,3,2.6,47.6,2.5,181600
1913,3,1.6,12.0,2.1,291200
2050,3,1.3,77.4,1.6,257800
1225,2,1.3,35.7,7.5,255700
1900,2,2.3,40.1,9.4,325000
1838,4,3.6,19.7,4.9,308900
1057,4,3.3,37.7,2.1,188500
2033,4,3.4,53.0,5.6,314500
2165,3,2.7,60.1,4.1,397100
2504,3,1.9,60.3,4.4,311000
2485,5,3.8,46.2,6.6,466200
905,3,2.9,72.3,7.5,248600
1190,3,2.8,65.4,2.0,203800
2135,1,1.9,60.6,1.3,341400
2134,3,2.8,4.4,9.9,449600
2135,3,2.5,0.6,3.1,392800
4304,3,3.0,17.0,1.5,590000
2171,4,2.9,53.1,2.7,354700
2538,3,1.7,32.9,1.4,285100
2420,4,2.8,32.2,4.5,435100
2223,4,2.4,70.8,8.2,408600
1595,4,2.4,71.6,4.1,246600
2293,4,2.8,72.7,5.0,368000
1298,6,3.5,25.1,7.1,320300
1646,1,1.0,55.3,5.6,208700
1485,2,1.0,21.7,8.8,310100
1853,1,1.2,15.2,8.8,282600
3305,4,2.9,14.8,1.1,505700
586,5,2.9,27.4,8.0,254000
2246,3,2.8,34.4,5.1,391900
752,5,4.2,66.5,9.9,297100
1493,2,1.0,9.6,5.3,255600
2508,5,3.0,58.8,9.9,475100
1842,3,1.8,42.5,7.8,366100
1099,2,1.0,23.0,3.2,243100
1335,3,2.9,39.4,5.8,253800
2242,3,2.2,24.0,9.9,412500
1325,3,2.1,47.7,8.7,244500
1941,3,1.0,34.7,1.9,288800
1830,4,3.3,13.2,7.4,414200
1376,3,1.4,9.3,4.1,236200
3194,3,2.3,43.7,1.1,479700
2212,4,3.1,72.2,4.6,372000
484,4,3.9,27.5,3.1,222300
1921,3,1.4,58.6,8.4,321100
1370,3,1.0,52.7,4.0,218200
2354,2,1.8,74.5,8.4,274900
1285,2,3.0,65.7,1.0,232800
1725,4,3.8,45.3,3.8,243200
2128,2,1.8,52.6,3.2,326500
2363,3,2.0,71.9,3.1,336300
1020,4,3.5,32.0,1.6,206600
1583,2,1.0,26.1,2.7,247200
1491,4,3.2,0.9,6.0,282300
1375,3,2.7,66.1,3.6,272600
2948,6,4.8,64.1,4.8,585500
2063,3,4.2,8.4,4.4,412100
980,4,3.2,46.1,8.9,252800
2397,4,2.5,37.1,9.1,446600
3179,1,1.1,9.5,5.4,449500
2471,4,1.7,78.4,4.0,389800
812,6,3.6,17.2,2.0,179900
1485,4,2.6,5.4,9.6,348000
2623,4,2.5,47.6,1.5,407500
1340,5,3.6,59.1,3.7,301600
2088,2,1.1,2.6,3.7,286800
2304,2,2.5,52.7,3.9,303200
1197,4,2.9,42.6,2.5,287300
1761,3,2.3,8.3,8.0,291000
450,5,3.3,13.8,2.1,120700
1134,5,3.6,45.4,6.7,214200
1636,3,2.9,23.7,2.1,326500
989,3,1.7,75.1,1.6,156600
2861,4,2.4,65.5,9.2,343800
870,3,2.1,78.7,2.7,212800
1514,4,2.0,20.8,8.4,352600
1885,3,1.7,77.6,5.9,293200
2737,4,2.6,34.5,1.7,355000
867,2,2.3,27.8,9.6,253900
2556,4,3.1,4.0,3.2,443100
1807,3,2.4,4.2,8.7,382300
1162,4,3.5,55.4,2.5,226100
2100,2,1.6,36.6,8.7,378500
1929,4,3.2,18.1,1.1,327800
1410,5,3.4,49.1,5.6,339900
1845,2,1.9,20.2,7.9,329600
1550,2,1.3,46.2,9.4,325800
1874,1,1.0,28.7,9.2,343500
2230,4,2.8,65.9,8.4,369700
2831,4,3.9,65.7,9.0,553000
995,3,2.9,38.2,2.8,178100
3186,3,3.0,28.1,3.6,518200
531,3,3.2,29.0,3.6,153600
1701,4,3.0,64.5,4.4,289100
2182,3,2.4,26.3,4.5,302900
1983,6,3.7,16.7,5.9,404700
1395,2,1.5,6.8,2.4,205100
1665,4,3.3,37.3,7.2,340700
1480,3,3.1,38.6,2.5,324400
1417,3,2.2,67.3,3.8,183600
2352,4,2.6,17.7,5.5,455600
2032,4,2.9,30.5,8.2,480900
1350,6,4.5,64.7,7.7,287500
2385,2,1.0,65.9,6.8,344800
2000,2,1.0,30.8,2.4,350100
2328,4,2.5,36.7,5.9,371400
2209,4,2.0,24.3,1.8,324900
1261,3,1.9,74.6,4.4,240400
1436,2,1.6,9.5,4.7,319000
2286,2,1.4,74.7,1.4,335700
2197,5,4.5,54.7,3.5,381300
1786,2,1.9,42.5,9.6,300100
1876,3,2.5,2.6,9.6,356000
2630,2,2.1,38.0,4.2,391500
1415,3,1.5,32.6,1.4,212700
2156,2,2.4,12.9,2.6,298000
1669,3,2.2,52.5,4.5,264500
1659,2,2.2,77.7,9.5,313700
2514,4,2.1,45.0,2.3,337400
2337,3,1.2,57.2,7.9,294200
2329,3,2.9,5.5,2.0,360100
2649,5,3.8,33.4,9.8,497400
1814,4,2.3,9.3,4.4,292500
2243,3,1.7,49.0,8.0,410900
1598,3,3.1,75.1,4.1,263500
2011,3,1.5,52.9,6.6,379300
1715,4,4.0,6.1,2.7,344100
1863,6,3.5,28.4,2.3,351000
2187,4,3.3,44.1,9.4,423800
1268,4,2.7,32.3,9.3,302800
3160,4,3.3,66.7,9.0,535600
1146,3,1.9,65.2,6.6,203200
1011,2,1.6,48.9,8.3,180600
2553,4,2.9,29.9,1.6,417800
2315,6,3.4,20.4,4.0,413100
2206,2,2.2,8.5,3.8,360100
2208,4,2.5,28.4,6.7,320800
1792,2,1.5,33.1,4.2,349000
1217,3,1.6,54.1,2.3,197000
1849,2,1.0,52.7,6.4,297000
1360,3,2.2,5.6,8.3,339800
2434,4,4.6,31.6,4.4,419700
1704,3,2.8,14.5,2.2,287100
1263,4,2.9,12.5,2.8,288500
1591,4,2.7,66.2,3.1,292900
2068,5,3.5,3.4,3.7,402900
1434,3,2.7,33.5,6.8,281900
1266,3,1.5,13.5,6.4,329200
1958,2,2.5,70.3,7.3,350400
1959,6,4.6,44.6,4.3,419300
1470,5,4.0,18.5,8.4,315300
1494,3,2.6,40.2,2.8,278300
1951,5,3.5,58.5,5.2,422500
859,3,2.8,76.6,8.2,205200
885,4,3.3,17.6,2.6,203300
1333,2,1.5,70.9,2.0,184900
1661,4,2.5,74.7,9.0,212600
2002,2,1.8,73.3,4.1,235200
2759,4,4.0,50.8,7.2,452100
2357,4,2.0,50.4,1.2,393200
1696,4,1.9,32.3,7.2,323700
1788,1,1.2,60.2,3.8,223600
1148,3,2.3,42.5,1.5,204600
1788,3,2.4,54.2,6.5,318600
1612,3,2.5,34.3,3.2,288400
2010,2,1.5,58.5,4.5,293200
1262,5,4.5,66.0,1.7,278400
2138,4,1.8,11.7,2.3,346100
2796,3,1.7,66.6,3.7,459300
1729,3,2.2,43.2,1.8,224900
2061,3,1.1,67.6,9.2,366200
2249,4,2.8,34.5,1.1,378400
1539,3,3.5,30.3,5.4,296400
1946,5,3.5,73.2,2.1,326900
1808,3,2.5,20.1,3.8,287200
1863,6,3.2,67.5,9.3,372200
1298,5,3.1,38.7,2.5,262500
1816,2,1.4,41.1,9.7,321900
2124,5,3.3,24.7,2.9,354100
2743,2,2.6,45.8,7.7,417200
2424,4,3.3,26.0,5.9,392600
3200,3,1.5,3.1,9.0,544000
1301,5,3.7,21.8,6.0,278200
2367,5,3.8,0.5,5.8,490800
1919,4,3.7,78.3,2.8,270500
3223,4,4.0,77.3,2.5,456300
1275,3,1.6,31.6,9.2,264600
1254,2,1.1,58.3,4.0,175800
1410,3,1.4,27.7,4.3,278200
450,2,1.5,53.7,7.8,125200
1458,4,3.2,64.4,4.0,310900
1307,3,3.0,75.7,9.6,251300
1898,6,4.0,32.0,7.6,433300
2022,4,2.7,62.7,6.4,340900
3020,4,3.0,21.3,8.9,465100
2418,2,1.1,79.2,1.4,290600
1425,5,5.0,2.1,3.3,330900
1216,5,2.4,48.3,5.2,241100
2120,3,2.4,52.8,3.0,321500
942,4,4.3,55.0,7.7,291200
2990,4,2.9,9.6,9.3,469800
2567,2,1.6,75.1,4.8,439100
1495,3,2.0,14.5,4.1,248700
686,3,2.2,49.8,9.7,233000
2680,2,2.7,17.8,5.0,393100
1726,3,1.0,24.6,5.4,245000
2605,2,2.8,43.7,4.2,367700
764,1,1.0,33.4,9.2,192000
1410,2,1.5,12.8,6.1,289800
1803,6,3.8,13.7,7.9,371900
1831,3,2.7,33.5,8.3,291600
1507,6,3.0,60.6,4.1,276300
2205,3,2.6,71.8,4.9,333500
1106,3,3.7,6.7,8.6,261300
1707,3,1.3,31.4,4.3,314100
1878,3,2.4,8.0,8.1,429500
2134,2,1.2,1.3,9.5,393500
2263,4,3.2,52.9,6.6,411600
1069,2,1.7,48.2,7.7,239000
803,4,2.5,13.0,8.2,171000
2630,4,3.2,18.7,8.6,473600
2016,2,3.0,1.9,4.6,299600
1313,2,1.6,66.8,1.5,133500
2808,4,3.4,78.0,4.6,446600
1875,3,1.4,10.8,7.1,349600
2567,2,1.0,18.5,5.1,372400
1844,6,4.4,69.5,7.7,348900
3139,2,2.7,74.1,4.2,604900
2941,4,3.1,33.6,6.7,427200
1638,6,3.9,4.0,2.7,304800
2432,3,2.3,3.2,7.7,423500
2219,2,1.0,45.9,5.9,361200
2690,2,2.1,31.4,2.8,383200
1173,3,2.9,2.3,3.6,212000
2246,2,1.4,46.7,7.7,405700
2488,4,2.6,0.9,5.3,468200
657,2,1.9,63.0,2.9,93800
1031,3,2.0,24.5,9.7,207000
474,6,4.1,3.2,7.4,259100
1625,4,4.4,47.1,9.6,466900
2266,4,2.7,31.8,4.8,368000
2777,3,2.0,77.9,5.3,473300
1848,4,2.4,43.5,9.1,351800
2859,3,2.8,22.0,5.7,487700
903,3,2.2,56.8,7.4,182400
693,2,1.2,21.7,3.3,131800
1764,5,4.4,72.3,5.0,353600
2050,3,3.3,30.0,2.1,347300
1779,2,1.3,44.0,2.9,249600
456,3,1.0,4.0,1.0,124900
1742,3,3.0,34.1,1.4,275900
952,4,2.4,66.6,9.8,242800
2235,4,3.5,64.5,3.2,369400
2038,4,1.5,17.9,7.0,309700
1189,1,1.7,18.1,8.6,272600
1466,3,1.5,65.4,6.0,240700
1112,3,2.8,74.4,2.4,177300
1759,1,1.1,7.6,7.6,307500
2421,3,1.6,36.0,6.4,410900
1159,4,2.6,27.0,7.6,302100
2128,2,2.2,69.7,7.9,367100
1455,3,2.4,6.7,9.8,344100
1285,2,2.1,16.9,6.2,227500
1730,1,2.5,60.2,4.1,257700
1127,3,1.2,4.1,6.8,277300
1440,6,5.2,39.4,1.6,269200
1021,4,3.0,35.4,9.1,269400
3077,6,3.5,26.8,2.1,394300
1823,3,1.4,31.6,4.0,318100
1345,2,1.6,42.4,8.3,273000
1939,3,2.9,12.9,6.4,329200
1727,3,2.2,45.8,4.5,284800
1656,5,4.6,64.4,5.3,309800
2199,2,1.0,60.8,8.7,318900
2292,3,2.3,12.3,4.1,301300
1455,2,1.0,11.9,8.8,332200
1426,3,2.6,21.5,1.8,257300
1621,4,3.5,28.9,8.0,364300
450,3,2.0,32.7,8.6,158700
815,3,1.0,54.4,2.6,123400
2688,3,2.4,4.5,4.9,426500
2869,3,2.6,2.8,2.5,388700
1638,4,3.2,31.4,7.4,390900
2175,5,4.4,55.8,5.8,438900
2002,6,3.4,15.5,6.7,380600
3801,4,3.4,51.3,2.8,505400
2528,3,3.1,20.8,2.9,395100
1717,4,1.7,70.9,1.4,222600
1179,3,2.5,71.7,3.9,230900
756,3,1.9,23.8,6.0,197500
1932,5,3.4,18.4,8.7,381600
1308,1,1.3,32.9,7.0,252600
876,5,3.2,19.2,4.9,238300
1380,3,1.8,53.8,9.6,260200
1097,4,2.9,66.1,7.5,189600
2897,4,2.1,53.8,9.4,451600
2373,5,2.7,65.9,5.7,334800
1795,4,3.4,31.8,3.3,315200
2762,4,2.1,12.5,1.5,389700
1850,2,2.2,59.0,7.5,304300
1240,3,2.6,28.8,2.1,211900
2790,2,1.0,53.7,3.7,436100
2150,4,2.4,21.7,5.8,421300
1126,3,3.1,6.5,6.1,244000
1676,4,2.2,79.4,6.4,279600
1231,1,1.0,12.5,2.5,208700
901,2,2.0,79.1,4.4,128300
2402,4,3.4,78.2,6.6,311800
3041,2,1.5,63.5,9.7,494700
891,2,1.3,52.8,7.5,165500
2166,1,2.1,46.2,9.3,401400
1377,6,5.3,69.3,7.9,317200
1483,4,3.6,23.2,6.3,387400
1415,3,2.4,37.4,2.7,243900
1238,3,1.7,49.6,7.0,231300
1832,3,1.7,32.9,6.6,298900
1260,4,3.3,34.2,6.4,305700
1976,4,3.2,26.4,5.4,325000
1767,2,2.7,45.1,5.8,327200
1645,2,2.2,68.0,4.0,211200
1210,2,1.0,16.1,5.7,240100
1425,4,3.6,74.8,2.8,235400
2291,4,2.2,55.1,8.2,391400
2126,3,2.0,65.9,2.7,256700
1165,1,1.3,44.5,1.8,145500
1865,2,3.1,62.4,4.9,297500
2288,6,6.0,1.3,6.9,522700
715,3,2.7,65.5,4.9,116000
2153,4,2.8,3.2,3.5,384600
1369,4,3.3,71.2,6.0,295000
2171,3,2.9,79.4,4.1,390000
1304,2,1.5,23.5,9.4,264200
627,2,3.0,16.8,9.3,170100
742,4,3.1,61.2,5.5,172700
1831,4,3.2,20.2,4.0,360000
1969,4,3.4,69.2,7.6,354400
1212,3,2.6,8.2,1.3,249100
2215,1,1.7,10.1,5.3,334200
720,6,3.7,78.3,4.0,143800
1757,4,2.5,53.9,9.3,397400
1013,3,1.5,67.8,1.1,126700
1376,6,4.4,25.9,6.0,332500
1831,4,3.4,54.1,7.7,386700
1241,4,3.2,47.5,5.4,311100
1550,4,4.1,48.3,1.8,301900
2454,4,2.9,54.6,9.8,399300
1425,4,3.4,46.0,5.7,281500
2343,2,1.0,34.3,6.5,418900
1066,3,2.0,22.1,3.1,174500
2144,5,4.0,61.5,5.4,443900
2737,2,2.3,18.1,4.9,413000
450,3,2.1,55.4,1.7,163200
1282,3,2.2,18.7,2.0,245900
2175,3,1.2,50.0,8.5,400000
1668,4,2.7,59.8,3.2,324500
2041,5,4.1,17.5,2.8,337300
1407,3,2.7,4.8,5.5,262600
1856,2,2.1,10.5,7.9,352900
1699,2,1.7,48.5,1.6,260800
2559,5,3.5,68.0,6.2,448200
1965,4,2.4,3.6,2.1,345900
2019,3,2.8,58.7,1.3,305700
1532,4,3.2,27.3,1.5,207900
1483,5,3.8,38.3,8.5,384500
1519,5,3.1,74.3,2.1,243400
2056,5,2.0,26.6,1.4,374900
1526,3,3.1,37.2,4.9,316300
1988,4,2.6,1.1,8.6,433500
3149,3,1.7,6.5,3.4,425100
2366,5,4.0,20.7,4.8,500700
1588,4,2.6,2.2,1.4,308500
2581,4,3.6,50.5,5.0,393300
1535,4,3.3,34.1,6.2,329800
475,2,2.2,43.9,6.1,152300
1145,3,1.3,14.0,4.0,179100
584,6,4.9,23.7,3.8,279500
1572,5,3.7,53.1,2.0,338900
1812,1,1.0,77.2,4.3,217400
2890,2,1.8,4.0,1.9,437100
2013,2,1.0,71.2,7.9,257100
1658,4,3.2,46.2,9.7,326100
2339,4,2.2,45.1,9.7,430800
450,2,1.0,40.0,8.8,183800
1953,3,1.2,5.6,6.4,341600
2301,5,4.3,7.2,7.3,507700
839,4,2.5,48.1,3.6,208500
2543,3,3.4,27.3,6.7,436000
2020,4,2.5,73.4,5.1,326400
1530,3,1.1,32.5,5.3,308900
2211,3,1.5,11.5,7.8,370600
3276,4,3.8,57.2,3.5,614300
1918,4,2.8,23.5,3.9,311000
1961,5,3.1,42.0,9.3,431600
1501,4,3.0,55.8,1.5,258000
1248,4,3.3,72.0,5.4,239200
2340,2,2.5,63.4,9.2,424900
1244,3,3.3,54.1,6.5,262100
1847,1,1.0,54.4,5.9,280800
1490,3,1.4,75.7,3.2,285200
2111,4,2.6,23.7,4.1,367600
2017,6,4.3,0.1,8.7,463200
2474,2,1.0,21.8,6.0,456700
1468,3,1.6,17.4,5.6,276600
1625,4,3.1,52.9,1.9,272600
1164,2,1.7,50.7,1.1,92200
1511,4,2.9,47.5,9.7,302800
2045,4,2.4,1.3,4.4,313000
2292,4,2.7,58.3,6.4,480100
1201,2,1.1,25.9,1.7,208500
2365,3,2.9,53.2,7.1,418200
2681,4,3.6,44.5,9.4,443700
2069,4,1.6,27.4,6.2,298100
3020,1,1.0,10.8,2.1,508800
1297,4,1.9,7.6,6.2,327200
991,1,1.0,66.5,7.9,190000
644,4,2.8,73.5,4.7,200300
2772,2,1.0,52.0,8.9,443300
2225,6,3.5,8.3,6.8,407000
1764,3,1.6,32.2,9.1,337100
1982,3,2.4,58.3,6.6,357300
1068,2,1.7,62.4,2.2,226500
3390,3,1.8,9.5,3.8,476200
1884,5,3.6,0.0,2.8,388300
1871,6,3.7,57.0,9.2,363100
2272,3,2.1,28.5,7.8,426400
2113,3,3.5,20.4,7.1,405500
1946,4,3.8,1.0,3.7,374400
1286,5,2.6,43.2,2.7,293000
2106,4,3.5,68.1,7.8,424000
3023,3,2.9,76.6,5.3,493600
2675,3,1.5,45.3,3.0,318900
2836,4,3.5,41.2,6.5,417600
1468,1,2.2,6.8,1.4,215400
1157,4,2.1,43.9,3.9,169600
1718,3,1.7,30.4,5.2,277800
1836,4,3.6,48.6,2.3,332100
2511,2,1.9,31.1,9.9,425900
700,4,3.3,19.2,2.9,220800
2794,3,2.5,7.6,2.2,374100
1697,4,3.2,25.2,2.8,323400
1523,2,1.0,7.7,7.9,267600
1142,4,3.6,14.2,4.8,312600
724,4,3.7,79.0,6.1,225800
2335,4,2.7,35.5,1.2,370700
1848,4,2.9,42.5,1.3,329800
962,4,1.8,69.9,5.0,207400
958,4,3.3,79.6,8.3,217300
1582,3,2.7,46.6,9.0,319800
2885,4,2.9,65.0,1.8,481900
1631,3,3.1,26.2,5.8,318200
823,2,1.5,24.5,9.2,237600
1640,2,2.1,32.2,4.5,285800
1623,3,1.6,53.8,8.5,292900
450,4,2.9,54.6,2.2,151000
1765,4,2.8,25.2,9.4,320200
1650,4,3.1,10.7,7.8,401300
2253,3,2.0,50.6,9.5,365900
3002,3,2.2,10.3,7.1,509300
2532,2,2.3,46.3,4.3,314200
1625,3,2.0,55.5,9.4,299100
1081,3,1.2,56.0,3.5,180400
3473,2,2.9,60.3,4.0,379000
1838,2,2.7,69.8,7.3,337300
1809,4,2.0,40.0,7.9,373100
1784,4,3.4,58.4,9.4,351400
1929,6,3.7,49.5,2.8,330500
1706,5,3.7,14.9,8.2,439900
1427,4,3.1,2.1,7.6,402000
1445,3,2.1,22.8,1.6,194200
1779,4,2.4,35.4,4.5,381100
1447,4,2.4,49.4,3.5,291600
1337,2,1.1,68.0,3.7,237400
1869,3,1.7,15.7,9.8,354600
1634,5,3.5,10.0,6.8,407600
2778,3,1.8,77.1,7.5,388300
450,4,3.4,8.6,9.8,251400
2509,4,3.9,38.3,4.4,437800
2610,2,1.3,46.8,8.2,356200
452,3,2.5,43.3,4.9,161300
1577,3,2.6,6.9,8.8,333700
1559,1,1.4,4.6,2.6,226000
885,1,1.2,8.4,9.5,256700
1294,5,4.0,46.8,3.0,304200
1078,3,2.6,43.5,3.9,222800
2939,3,1.4,18.7,7.8,499700
2408,3,2.9,51.0,4.5,367200
2627,5,4.1,65.6,6.5,486700
2269,3,1.8,3.3,5.0,399900
1066,3,2.3,39.9,7.7,262800
1459,5,4.0,55.1,3.1,346300
2118,5,3.4,20.2,1.5,375700
1006,2,2.5,24.6,3.7,201600
2263,4,4.6,49.1,5.3,459900
1644,3,1.7,71.8,2.5,231500
1556,3,1.3,64.8,4.2,271600
2262,2,1.9,46.7,4.6,371100
2089,2,2.2,58.4,1.5,285900
1565,4,2.7,29.2,6.2,295900
2554,3,3.3,51.3,9.0,526200
1097,3,1.4,37.3,2.4,208700
2200,4,3.4,15.2,6.4,400300
2186,4,2.5,56.1,7.0,368000
1599,2,2.9,44.5,4.8,242600
2012,4,4.3,28.7,7.3,421900
987,2,1.2,72.9,4.7,138300
2401,4,2.5,1.7,5.5,486600
1680,4,3.5,25.3,1.1,284100
1460,6,3.8,4.6,7.2,329800
2482,2,1.7,61.3,7.0,373900
1342,2,1.7,56.2,1.3,183700
885,3,1.0,26.5,4.3,239100
788,3,2.3,54.1,9.8,216000
2194,3,1.8,31.7,4.8,368700
968,5,3.2,60.5,5.5,257900
2941,3,3.3,36.3,9.2,478900
450,3,1.4,33.0,7.5,183400
2903,4,3.5,74.8,6.2,508000
1937,3,2.1,20.1,8.2,351900
1737,4,2.7,9.6,8.8,337700
1446,2,2.3,46.8,5.1,266400
2059,3,2.5,77.5,5.3,311000
1776,1,1.5,30.2,4.5,254600
2517,2,2.4,5.0,9.7,432100
1874,5,3.3,27.1,7.3,339700
1898,2,1.3,40.5,1.7,291800
1564,3,1.5,13.0,8.8,314600
1763,3,1.7,52.6,5.3,306200
2000,3,4.4,79.8,1.6,309000
688,5,4.4,36.1,5.9,211000
924,1,1.0,28.4,4.8,157700
2283,4,2.0,32.1,8.9,387300
1911,6,4.4,9.2,2.8,391300
1680,4,3.3,70.7,8.4,352700
1812,5,3.9,33.2,6.0,342900
2026,2,1.5,31.0,1.5,307600
1449,3,2.2,52.8,9.7,291000
1294,3,2.5,35.4,5.6,287700
1927,4,3.0,51.9,3.6,372100
1164,6,2.5,4.9,5.2,271600
2065,3,2.1,65.1,8.7,348300
693,4,2.3,75.2,3.7,155500
2469,2,1.8,51.9,2.7,378700
2107,4,5.0,76.4,2.2,381500
1966,3,2.6,12.1,3.7,353500
2439,6,3.9,38.2,8.0,398200
2883,4,3.5,48.1,5.2,455000
2459,3,2.6,46.5,3.0,352200
603,2,2.0,32.1,2.5,188600
968,2,2.1,27.0,4.0,172200
1394,2,3.1,10.1,9.5,289300
1817,3,1.5,31.3,4.1,310600
2136,5,3.8,13.0,9.9,407800
1328,4,2.3,58.7,5.4,250500
1921,3,2.7,16.7,2.6,297200
1309,2,1.1,4.7,9.0,278800
1403,5,3.2,44.2,5.1,344800
886,4,2.7,47.6,7.4,205600
1200,2,2.4,69.8,9.9,271200
921,4,3.5,46.2,1.5,223000
1166,3,1.4,27.6,1.9,193500
2485,2,1.7,64.2,7.5,332600
1183,3,1.8,43.2,3.5,233900
3511,3,1.4,6.3,2.7,494700
2121,2,1.5,45.3,1.4,367400
1920,5,3.3,72.6,1.2,325500
1242,5,5.2,31.7,8.0,280500
2255,4,3.2,23.7,2.2,337900
1426,3,1.3,11.5,5.2,303800
1879,3,1.9,12.1,6.5,343700
3464,4,3.6,34.6,4.9,527200
1738,3,3.8,47.7,1.2,302100
2547,2,1.0,6.4,8.1,382000
1343,3,1.0,75.2,1.1,201800
1777,4,4.2,60.4,7.9,385300
2951,3,2.6,46.9,9.0,504000
1392,2,1.1,66.3,4.9,257700
2978,4,3.3,6.4,5.8,494500
2260,2,1.0,38.1,5.3,341500
1434,3,2.3,50.4,4.5,246200
2211,2,1.9,66.3,9.0,335200
2432,3,2.9,62.7,9.0,435900
2204,4,2.2,22.2,4.0,489100
779,3,2.4,75.3,6.5,154500
1327,2,1.1,9.9,9.3,276100
1639,5,3.7,70.0,9.7,319800
1752,5,2.9,77.7,5.6,316800
2203,5,3.2,14.2,5.1,420500
1916,3,1.6,57.8,3.5,293900
932,3,2.8,3.2,9.6,331400
2047,6,4.7,32.4,2.3,385500
2197,4,2.7,41.3,6.2,304400
2164,1,1.1,46.5,3.5,316800
2503,2,1.0,74.9,3.5,319800
2342,3,2.1,53.8,4.6,318600
2098,5,3.5,38.5,10.0,377100
1754,3,4.1,64.8,1.5,355000
720,3,1.5,76.0,6.2,180300
2079,2,2.7,1.8,1.7,358900
1935,4,3.6,78.6,2.4,308800
1977,4,3.1,6.9,5.0,346900
970,3,3.5,65.2,5.6,201300
1097,4,3.2,22.4,3.3,239300
2485,6,4.4,10.6,3.8,431700
1774,2,1.7,35.2,1.8,247600
2243,3,3.2,51.5,3.7,293900
1818,3,3.1,30.5,9.7,392000
1819,4,2.5,4.4,9.5,418500
2410,4,2.0,48.0,4.0,340100
1465,4,2.8,72.2,6.1,208800
1862,4,2.3,30.7,9.2,408500
1500,3,2.3,17.3,1.1,276300
1518,5,4.4,35.4,8.3,384200
1599,3,2.0,3.9,9.5,319700
1944,2,1.7,65.6,1.8,218100
1489,4,2.9,66.1,2.5,312500
2616,4,3.5,47.0,9.6,494700
1219,3,1.0,28.2,5.8,173200
1679,5,3.1,64.0,1.1,286200
1514,5,3.6,44.4,3.3,331900
2741,3,3.1,66.1,5.0,400800
1928,6,3.8,50.5,7.2,470200
2471,2,1.0,62.8,7.6,398100
834,2,2.1,47.9,10.0,205900
1974,2,1.3,33.1,3.6,295400
2378,5,2.7,76.6,5.8,413700
1853,4,2.5,43.3,5.8,214100
2493,2,1.6,48.4,4.7,352800
1464,3,1.9,17.6,2.5,251800
2716,4,1.4,50.1,9.8,423400
3294,2,2.3,45.7,8.7,473500
1564,5,4.4,14.8,5.5,364900
1510,4,3.4,4.8,6.4,311500
2745,3,1.5,48.3,3.0,336100
2827,6,4.0,61.1,5.9,585700
1460,3,2.3,41.9,7.3,349000
1527,6,4.5,18.1,5.6,388700
1617,4,3.4,53.3,9.9,407700
926,4,2.4,6.4,6.5,270400
1203,2,1.8,35.3,4.3,211100
1147,5,3.8,13.1,7.9,285000
1301,3,3.3,14.8,2.5,249200
1777,2,2.2,16.2,4.5,335800
1952,1,1.7,30.9,4.1,278000
2808,4,3.0,4.1,4.9,445500
1151,3,3.3,31.8,8.0,265500
2440,4,3.2,40.9,5.4,390500
1661,5,2.9,38.7,8.1,320400
1768,2,2.7,30.6,6.2,327400
2239,4,3.4,67.1,4.1,316800
1070,2,1.4,11.6,8.3,225800
2049,5,3.2,40.5,3.1,370900
1908,4,3.1,5.0,3.0,427100
2120,3,2.6,5.7,5.5,376200
1988,4,3.0,45.9,3.3,330200
3396,3,2.5,45.3,1.1,545600
1385,3,3.5,70.2,6.8,364500
1455,4,3.7,44.6,5.6,269600
1395,3,2.4,76.8,5.0,206500
1439,3,3.0,3.9,9.7,354200
1386,3,1.6,7.8,6.1,309700
2573,4,3.2,3.5,8.8,475700
2723,3,3.6,14.8,2.3,490500
1429,2,1.5,43.3,6.1,259200
1259,4,2.3,51.6,8.8,251400
2106,4,2.4,3.6,6.2,302900
1441,2,1.0,75.7,7.5,245700
2211,3,1.8,67.4,4.3,419300
1932,2,1.4,23.7,1.8,235400
815,3,1.3,6.2,5.1,227900
2806,3,2.3,13.6,4.6,415500
2967,4,3.5,10.2,8.8,561900
1402,4,2.3,9.9,3.2,267200
1548,4,4.0,41.5,9.7,310800
1986,3,2.7,19.7,9.6,446400
2017,5,4.2,28.7,3.2,421100
2228,3,1.8,79.2,4.1,333900
3107,6,4.7,54.7,9.1,580300
1685,4,2.1,75.9,9.7,322900
1281,2,2.3,11.4,5.0,228800
903,4,3.0,30.6,3.9,217800
1325,3,2.7,44.4,5.7,295800
1778,4,2.1,6.1,7.2,311000
2966,2,1.1,0.3,3.5,403600
1464,2,2.1,53.6,7.6,320600
1945,5,2.8,51.3,1.5,293200
1789,2,2.0,32.9,1.4,242000
2572,5,2.5,39.2,4.5,309000
3443,3,2.9,33.2,4.2,576900
1455,4,2.0,1.9,3.8,237500
1482,4,3.3,26.8,5.4,245300
2479,3,2.7,14.2,3.9,442200
2243,3,1.8,7.9,2.7,435100
3000,2,2.1,76.5,3.8,431900
2180,1,1.3,47.9,9.8,360900
1566,3,1.9,58.3,4.7,284600
2184,4,2.2,25.2,5.0,383600
2521,5,2.1,31.5,6.2,412600
2333,5,3.7,19.0,9.9,494700
2130,4,1.8,7.8,3.2,372300
2493,4,3.0,14.3,7.1,447900
2560,4,2.7,63.8,7.4,463400
2698,3,2.8,54.2,6.5,450000
2222,5,3.3,43.8,1.8,458000
1691,4,2.7,38.0,7.1,299900
1895,4,3.4,73.8,1.6,291900
2584,2,1.9,5.8,6.4,393700
1269,3,2.5,22.4,7.7,303000
2040,3,2.6,28.0,2.9,326000
1544,5,2.4,62.6,8.6,282800
1819,3,2.8,79.4,1.3,220300
2631,3,2.7,19.3,8.6,461600
1924,6,3.4,69.9,5.1,344300
1830,2,1.5,66.4,3.0,287100
916,3,2.3,18.0,2.2,233400
2285,1,1.0,31.9,9.6,423800
2220,4,3.1,32.8,1.7,381400
3206,5,4.5,78.3,2.8,476200
1600,3,3.1,14.5,4.1,250900
1942,5,2.6,63.9,6.6,407200
1962,3,2.7,26.7,5.9,379300
2825,5,4.4,58.5,2.1,462300
1738,4,3.2,33.6,3.6,352700
1981,4,3.7,46.3,3.1,401300
2195,1,2.5,66.6,2.9,294200
1921,6,4.8,64.3,4.7,366600
1510,4,3.1,69.3,7.3,308800
1926,3,3.0,4.8,3.0,354800
2498,4,3.0,55.4,4.3,369600
1133,3,2.3,11.2,4.5,242700
1886,5,3.3,33.3,9.8,405100
1345,2,2.8,43.9,9.6,286300
2577,4,2.3,32.2,8.2,430400
810,3,3.4,41.6,3.2,169500
1437,2,2.0,79.7,1.6,250600
2045,3,1.3,10.8,3.9,380800
2818,1,1.4,54.0,3.4,294600
1757,3,1.0,31.7,5.6,349300
1439,3,2.7,10.6,8.0,293100
3023,4,3.5,12.7,8.7,547200
859,3,1.9,75.9,8.6,184600
450,3,2.4,70.4,4.2,106400
2086,4,4.3,72.6,7.2,374400
1474,1,1.0,79.3,3.8,264300
1136,5,2.8,16.7,1.5,201100
2260,5,4.5,28.4,7.3,468400
1958,4,4.3,53.5,1.1,348400
1433,4,2.9,38.7,4.7,293500
968,5,4.2,33.5,4.0,250100
2367,2,2.6,28.6,7.2,375400
2223,2,1.2,47.5,7.9,384200
1736,3,2.0,46.0,3.7,297900
3000,4,3.8,12.9,8.3,589100
1104,1,2.3,37.7,3.6,171200
808,4,3.3,44.3,5.0,237900
1350,6,3.5,45.6,7.5,352800
1770,5,4.9,16.8,7.2,387300
1958,3,1.9,59.4,9.9,313200
1643,2,1.5,2.0,3.0,250200
2029,5,3.7,28.4,7.0,424700
986,4,4.0,62.4,6.5,282600
2738,2,2.3,45.1,9.2,408300
1747,2,2.0,20.9,2.4,302500
2526,5,3.8,55.6,7.8,396600
2023,4,2.9,45.4,6.1,356400
2097,4,3.3,63.7,3.5,368800
2170,5,1.7,58.8,5.3,335700
2091,4,2.7,48.8,4.0,340200
2218,3,2.5,39.1,6.2,386000
2664,3,1.5,10.7,9.0,413000
1928,3,2.6,20.9,6.1,346200
2261,3,2.2,33.5,6.7,400800
1742,4,4.1,47.9,5.7,292300
2736,4,4.0,41.1,1.5,436500
1360,5,3.2,23.1,3.1,239000
2971,3,2.2,0.5,5.4,453200
1774,4,2.8,39.7,3.8,309000
870,4,2.6,22.9,2.6,246900
1883,4,3.0,58.8,5.5,317800
1357,4,2.4,1.9,3.9,251000
2346,3,1.5,46.8,3.3,258100
1376,3,2.7,75.3,5.2,237300
1510,2,2.1,14.0,2.2,334600
572,3,1.7,37.7,9.3,192500
1506,3,2.9,7.3,8.8,306600
450,4,2.5,50.1,7.4,210400
770,6,4.3,44.0,2.0,182100
2294,4,3.5,32.6,8.0,440700
2311,4,2.9,41.7,8.3,450700
2077,3,2.6,71.7,7.9,286900
1171,4,2.5,15.7,2.0,157400
1769,2,1.6,1.8,6.8,276100
1798,3,2.2,68.9,8.5,347400
1047,3,1.8,46.2,6.2,241700
2777,3,2.2,71.3,6.8,407400
2370,1,1.0,47.8,5.1,341700
1656,2,1.4,64.8,5.8,296200
1817,3,2.1,34.4,1.3,296200
1935,6,3.9,60.0,6.8,410700
473,3,2.1,73.0,1.7,83700
1639,3,2.3,45.8,4.9,257200
1357,2,2.0,14.5,3.6,278700
1149,4,3.5,21.5,5.9,242400
1617,3,1.8,15.9,2.2,240000
2968,2,1.0,19.7,7.2,474600
2217,3,1.6,24.5,8.2,425600
1429,1,1.0,44.4,2.5,215100
2172,1,1.0,47.0,1.9,345900
